"id","run_id","region_id","location_id","state","fuel_type","edge_id","edge_value_mw","median_type","median","median_unit"
1,2,2,1,"NH","Other",0,1196,"generation",11.08,"MW"
2,2,2,1,"NH","Other",0,2583,"generation",23.78,"MW"
3,2,2,1,"NH","Other",0,3970,"generation",36.75,"MW"
4,2,2,1,"NH","Other",0,5066,"generation",46.76,"MW"
5,2,2,1,"NH","Other",0,6418,"generation",35.03,"MW"
6,2,2,1,"NH","Other",0,7118,"generation",36.11,"MW"
7,2,2,1,"NH","Other",0,7638,"generation",38.68,"MW"
8,2,2,1,"NH","Other",0,8049,"generation",40.51,"MW"
9,2,2,1,"NH","Other",0,8422,"generation",39.03,"MW"
10,2,2,1,"NH","Other",0,8781,"generation",36.90,"MW"
11,2,2,1,"NH","Other",0,9149,"generation",39.12,"MW"
12,2,2,1,"NH","Other",0,9481,"generation",40.51,"MW"
13,2,2,1,"NH","Other",0,9795,"generation",40.43,"MW"
14,2,2,1,"NH","Other",0,10088,"generation",39.88,"MW"
15,2,2,1,"NH","Other",0,10394,"generation",38.39,"MW"
16,2,2,1,"NH","Other",0,10705,"generation",37.95,"MW"
17,2,2,1,"NH","Other",0,11052,"generation",39.77,"MW"
18,2,2,1,"NH","Other",0,11343,"generation",38.11,"MW"
19,2,2,1,"NH","Other",0,11632,"generation",40.25,"MW"
20,2,2,1,"NH","Other",0,11884,"generation",40.30,"MW"
21,2,2,1,"NH","Other",0,12130,"generation",37.68,"MW"
22,2,2,1,"NH","Other",0,12383,"generation",40.89,"MW"
23,2,2,1,"NH","Other",0,12644,"generation",38.80,"MW"
24,2,2,1,"NH","Other",0,12927,"generation",41.05,"MW"
25,2,2,1,"NH","Other",0,13215,"generation",42.30,"MW"
26,2,2,1,"NH","Other",0,13475,"generation",40.40,"MW"
27,2,2,1,"NH","Other",0,13757,"generation",40.93,"MW"
28,2,2,1,"NH","Other",0,14039,"generation",37.60,"MW"
29,2,2,1,"NH","Other",0,14292,"generation",40.32,"MW"
30,2,2,1,"NH","Other",0,14590,"generation",40.89,"MW"
31,2,2,1,"NH","Other",0,14954,"generation",40.74,"MW"
32,2,2,1,"NH","Other",0,15338,"generation",41.37,"MW"
33,2,2,1,"NH","Other",0,15700,"generation",43.07,"MW"
34,2,2,1,"NH","Other",0,16051,"generation",42.28,"MW"
35,2,2,1,"NH","Other",0,16435,"generation",42.81,"MW"
36,2,2,1,"NH","Other",0,16875,"generation",41.34,"MW"
37,2,2,1,"NH","Other",0,17357,"generation",41.66,"MW"
38,2,2,1,"NH","Other",0,17969,"generation",41.41,"MW"
39,2,2,1,"NH","Other",0,18739,"generation",38.74,"MW"
40,2,2,1,"NH","Other",0,19748,"generation",39.56,"MW"
41,2,2,1,"NH","Other",0,20837,"generation",39.84,"MW"
42,2,2,1,"NH","Other",0,22512,"generation",42.38,"MW"
43,2,2,1,"NH","Other",0,26592,"generation",41.21,"MW"
44,2,2,1,"NH","Other",0,30889,"generation",36.58,"MW"
45,2,2,1,"NH","Other",0,32582,"generation",37.85,"MW"
46,2,2,1,"NH","Other",0,33969,"generation",38.57,"MW"
47,2,2,1,"NH","Other",0,35356,"generation",38.83,"MW"
48,2,2,1,"NH","Other",0,36743,"generation",39.38,"MW"
49,2,2,1,"NH","Other",0,38130,"generation",40.14,"MW"
50,2,2,1,"NH","Other",0,39517,"generation",40.61,"MW"
51,2,2,1,"NH","Other",0,40904,"generation",41.38,"MW"
52,2,2,1,"NH","Other",0,42291,"generation",41.87,"MW"
53,2,2,1,"NH","Other",0,43678,"generation",42.60,"MW"
54,2,2,1,"NH","Other",0,45065,"generation",43.55,"MW"
55,2,2,1,"NH","Other",0,46452,"generation",43.97,"MW"
56,2,2,1,"NH","Other",0,47839,"generation",44.55,"MW"
57,2,2,2,"NY","Gas",0,1196,"generation",22.06,"MW"
58,2,2,2,"NY","Gas",0,2583,"generation",50.70,"MW"
59,2,2,2,"NY","Gas",0,3970,"generation",75.95,"MW"
60,2,2,2,"NY","Gas",0,5066,"generation",97.96,"MW"
61,2,2,2,"NY","Gas",0,6418,"generation",99.19,"MW"
62,2,2,2,"NY","Gas",0,7118,"generation",96.65,"MW"
63,2,2,2,"NY","Gas",0,7638,"generation",94.73,"MW"
64,2,2,2,"NY","Gas",0,8049,"generation",93.90,"MW"
65,2,2,2,"NY","Gas",0,8422,"generation",93.11,"MW"
66,2,2,2,"NY","Gas",0,8781,"generation",92.58,"MW"
67,2,2,2,"NY","Gas",0,9149,"generation",92.99,"MW"
68,2,2,2,"NY","Gas",0,9481,"generation",95.57,"MW"
69,2,2,2,"NY","Gas",0,9795,"generation",94.95,"MW"
70,2,2,2,"NY","Gas",0,10088,"generation",93.56,"MW"
71,2,2,2,"NY","Gas",0,10394,"generation",94.58,"MW"
72,2,2,2,"NY","Gas",0,10705,"generation",96.01,"MW"
73,2,2,2,"NY","Gas",0,11052,"generation",94.91,"MW"
74,2,2,2,"NY","Gas",0,11343,"generation",98.35,"MW"
75,2,2,2,"NY","Gas",0,11632,"generation",99.40,"MW"
76,2,2,2,"NY","Gas",0,11884,"generation",98.07,"MW"
77,2,2,2,"NY","Gas",0,12130,"generation",94.41,"MW"
78,2,2,2,"NY","Gas",0,12383,"generation",96.24,"MW"
79,2,2,2,"NY","Gas",0,12644,"generation",96.22,"MW"
80,2,2,2,"NY","Gas",0,12927,"generation",95.38,"MW"
81,2,2,2,"NY","Gas",0,13215,"generation",95.37,"MW"
82,2,2,2,"NY","Gas",0,13475,"generation",95.48,"MW"
83,2,2,2,"NY","Gas",0,13757,"generation",91.60,"MW"
84,2,2,2,"NY","Gas",0,14039,"generation",96.79,"MW"
85,2,2,2,"NY","Gas",0,14292,"generation",96.27,"MW"
86,2,2,2,"NY","Gas",0,14590,"generation",95.36,"MW"
87,2,2,2,"NY","Gas",0,14954,"generation",94.49,"MW"
88,2,2,2,"NY","Gas",0,15338,"generation",97.36,"MW"
89,2,2,2,"NY","Gas",0,15700,"generation",96.54,"MW"
90,2,2,2,"NY","Gas",0,16051,"generation",96.92,"MW"
91,2,2,2,"NY","Gas",0,16435,"generation",99.46,"MW"
92,2,2,2,"NY","Gas",0,16875,"generation",98.65,"MW"
93,2,2,2,"NY","Gas",0,17357,"generation",99.35,"MW"
94,2,2,2,"NY","Gas",0,17969,"generation",98.95,"MW"
95,2,2,2,"NY","Gas",0,18739,"generation",94.50,"MW"
96,2,2,2,"NY","Gas",0,19748,"generation",91.91,"MW"
97,2,2,2,"NY","Gas",0,20837,"generation",91.05,"MW"
98,2,2,2,"NY","Gas",0,22512,"generation",94.53,"MW"
99,2,2,2,"NY","Gas",0,26592,"generation",93.24,"MW"
100,2,2,2,"NY","Gas",0,30889,"generation",88.27,"MW"
101,2,2,2,"NY","Gas",0,32582,"generation",87.08,"MW"
102,2,2,2,"NY","Gas",0,33969,"generation",86.18,"MW"
103,2,2,2,"NY","Gas",0,35356,"generation",85.53,"MW"
104,2,2,2,"NY","Gas",0,36743,"generation",85.03,"MW"
105,2,2,2,"NY","Gas",0,38130,"generation",84.94,"MW"
106,2,2,2,"NY","Gas",0,39517,"generation",84.87,"MW"
107,2,2,2,"NY","Gas",0,40904,"generation",84.89,"MW"
108,2,2,2,"NY","Gas",0,42291,"generation",84.92,"MW"
109,2,2,2,"NY","Gas",0,43678,"generation",84.93,"MW"
110,2,2,2,"NY","Gas",0,45065,"generation",84.84,"MW"
111,2,2,2,"NY","Gas",0,46452,"generation",84.75,"MW"
112,2,2,2,"NY","Gas",0,47839,"generation",84.75,"MW"
113,2,2,3,"NJ","Gas",0,1196,"generation",46.17,"MW"
114,2,2,3,"NJ","Gas",0,2583,"generation",99.26,"MW"
115,2,2,3,"NJ","Gas",0,3970,"generation",157.28,"MW"
116,2,2,3,"NJ","Gas",0,5066,"generation",205.16,"MW"
117,2,2,3,"NJ","Gas",0,6418,"generation",206.65,"MW"
118,2,2,3,"NJ","Gas",0,7118,"generation",204.49,"MW"
119,2,2,3,"NJ","Gas",0,7638,"generation",191.07,"MW"
120,2,2,3,"NJ","Gas",0,8049,"generation",207.65,"MW"
121,2,2,3,"NJ","Gas",0,8422,"generation",203.30,"MW"
122,2,2,3,"NJ","Gas",0,8781,"generation",203.70,"MW"
123,2,2,3,"NJ","Gas",0,9149,"generation",200.77,"MW"
124,2,2,3,"NJ","Gas",0,9481,"generation",206.87,"MW"
125,2,2,3,"NJ","Gas",0,9795,"generation",198.94,"MW"
126,2,2,3,"NJ","Gas",0,10088,"generation",205.39,"MW"
127,2,2,3,"NJ","Gas",0,10394,"generation",212.91,"MW"
128,2,2,3,"NJ","Gas",0,10705,"generation",204.22,"MW"
129,2,2,3,"NJ","Gas",0,11052,"generation",198.54,"MW"
130,2,2,3,"NJ","Gas",0,11343,"generation",200.47,"MW"
131,2,2,3,"NJ","Gas",0,11632,"generation",196.86,"MW"
132,2,2,3,"NJ","Gas",0,11884,"generation",205.03,"MW"
133,2,2,3,"NJ","Gas",0,12130,"generation",208.91,"MW"
134,2,2,3,"NJ","Gas",0,12383,"generation",216.64,"MW"
135,2,2,3,"NJ","Gas",0,12644,"generation",211.08,"MW"
136,2,2,3,"NJ","Gas",0,12927,"generation",208.19,"MW"
137,2,2,3,"NJ","Gas",0,13215,"generation",196.43,"MW"
138,2,2,3,"NJ","Gas",0,13475,"generation",202.30,"MW"
139,2,2,3,"NJ","Gas",0,13757,"generation",201.43,"MW"
140,2,2,3,"NJ","Gas",0,14039,"generation",203.94,"MW"
141,2,2,3,"NJ","Gas",0,14292,"generation",194.57,"MW"
142,2,2,3,"NJ","Gas",0,14590,"generation",195.03,"MW"
143,2,2,3,"NJ","Gas",0,14954,"generation",203.09,"MW"
144,2,2,3,"NJ","Gas",0,15338,"generation",196.58,"MW"
145,2,2,3,"NJ","Gas",0,15700,"generation",205.33,"MW"
146,2,2,3,"NJ","Gas",0,16051,"generation",196.33,"MW"
147,2,2,3,"NJ","Gas",0,16435,"generation",213.46,"MW"
148,2,2,3,"NJ","Gas",0,16875,"generation",201.13,"MW"
149,2,2,3,"NJ","Gas",0,17357,"generation",212.17,"MW"
150,2,2,3,"NJ","Gas",0,17969,"generation",211.55,"MW"
151,2,2,3,"NJ","Gas",0,18739,"generation",208.30,"MW"
152,2,2,3,"NJ","Gas",0,19748,"generation",208.20,"MW"
153,2,2,3,"NJ","Gas",0,20837,"generation",205.62,"MW"
154,2,2,3,"NJ","Gas",0,22512,"generation",207.79,"MW"
155,2,2,3,"NJ","Gas",0,26592,"generation",209.78,"MW"
156,2,2,3,"NJ","Gas",0,30889,"generation",210.90,"MW"
157,2,2,3,"NJ","Gas",0,32582,"generation",211.25,"MW"
158,2,2,3,"NJ","Gas",0,33969,"generation",211.59,"MW"
159,2,2,3,"NJ","Gas",0,35356,"generation",212.01,"MW"
160,2,2,3,"NJ","Gas",0,36743,"generation",212.54,"MW"
161,2,2,3,"NJ","Gas",0,38130,"generation",212.85,"MW"
162,2,2,3,"NJ","Gas",0,39517,"generation",213.33,"MW"
163,2,2,3,"NJ","Gas",0,40904,"generation",213.71,"MW"
164,2,2,3,"NJ","Gas",0,42291,"generation",213.79,"MW"
165,2,2,3,"NJ","Gas",0,43678,"generation",213.79,"MW"
166,2,2,3,"NJ","Gas",0,45065,"generation",213.79,"MW"
167,2,2,3,"NJ","Gas",0,46452,"generation",213.79,"MW"
168,2,2,3,"NJ","Gas",0,47839,"generation",213.79,"MW"
169,2,2,2,"NY","Gas",0,1196,"generation",25.09,"MW"
170,2,2,2,"NY","Gas",0,2583,"generation",52.85,"MW"
171,2,2,2,"NY","Gas",0,3970,"generation",80.62,"MW"
172,2,2,2,"NY","Gas",0,5066,"generation",103.41,"MW"
173,2,2,2,"NY","Gas",0,6418,"generation",76.02,"MW"
174,2,2,2,"NY","Gas",0,7118,"generation",66.49,"MW"
175,2,2,2,"NY","Gas",0,7638,"generation",82.49,"MW"
176,2,2,2,"NY","Gas",0,8049,"generation",79.27,"MW"
177,2,2,2,"NY","Gas",0,8422,"generation",77.80,"MW"
178,2,2,2,"NY","Gas",0,8781,"generation",76.35,"MW"
179,2,2,2,"NY","Gas",0,9149,"generation",78.72,"MW"
180,2,2,2,"NY","Gas",0,9481,"generation",83.25,"MW"
181,2,2,2,"NY","Gas",0,9795,"generation",85.33,"MW"
182,2,2,2,"NY","Gas",0,10088,"generation",84.39,"MW"
183,2,2,2,"NY","Gas",0,10394,"generation",87.84,"MW"
184,2,2,2,"NY","Gas",0,10705,"generation",84.96,"MW"
185,2,2,2,"NY","Gas",0,11052,"generation",88.67,"MW"
186,2,2,2,"NY","Gas",0,11343,"generation",87.28,"MW"
187,2,2,2,"NY","Gas",0,11632,"generation",81.25,"MW"
188,2,2,2,"NY","Gas",0,11884,"generation",83.23,"MW"
189,2,2,2,"NY","Gas",0,12130,"generation",78.26,"MW"
190,2,2,2,"NY","Gas",0,12383,"generation",86.02,"MW"
191,2,2,2,"NY","Gas",0,12644,"generation",95.43,"MW"
192,2,2,2,"NY","Gas",0,12927,"generation",94.66,"MW"
193,2,2,2,"NY","Gas",0,13215,"generation",91.43,"MW"
194,2,2,2,"NY","Gas",0,13475,"generation",88.14,"MW"
195,2,2,2,"NY","Gas",0,13757,"generation",86.60,"MW"
196,2,2,2,"NY","Gas",0,14039,"generation",88.81,"MW"
197,2,2,2,"NY","Gas",0,14292,"generation",91.52,"MW"
198,2,2,2,"NY","Gas",0,14590,"generation",95.34,"MW"
199,2,2,2,"NY","Gas",0,14954,"generation",90.81,"MW"
200,2,2,2,"NY","Gas",0,15338,"generation",95.31,"MW"
201,2,2,2,"NY","Gas",0,15700,"generation",91.49,"MW"
202,2,2,2,"NY","Gas",0,16051,"generation",94.99,"MW"
203,2,2,2,"NY","Gas",0,16435,"generation",93.05,"MW"
204,2,2,2,"NY","Gas",0,16875,"generation",94.54,"MW"
205,2,2,2,"NY","Gas",0,17357,"generation",99.30,"MW"
206,2,2,2,"NY","Gas",0,17969,"generation",98.37,"MW"
207,2,2,2,"NY","Gas",0,18739,"generation",96.97,"MW"
208,2,2,2,"NY","Gas",0,19748,"generation",90.64,"MW"
209,2,2,2,"NY","Gas",0,20837,"generation",82.91,"MW"
210,2,2,2,"NY","Gas",0,22512,"generation",85.78,"MW"
211,2,2,2,"NY","Gas",0,26592,"generation",94.62,"MW"
212,2,2,2,"NY","Gas",0,30889,"generation",79.45,"MW"
213,2,2,2,"NY","Gas",0,32582,"generation",81.30,"MW"
214,2,2,2,"NY","Gas",0,33969,"generation",82.10,"MW"
215,2,2,2,"NY","Gas",0,35356,"generation",84.10,"MW"
216,2,2,2,"NY","Gas",0,36743,"generation",85.41,"MW"
217,2,2,2,"NY","Gas",0,38130,"generation",87.79,"MW"
218,2,2,2,"NY","Gas",0,39517,"generation",88.44,"MW"
219,2,2,2,"NY","Gas",0,40904,"generation",90.63,"MW"
220,2,2,2,"NY","Gas",0,42291,"generation",91.85,"MW"
221,2,2,2,"NY","Gas",0,43678,"generation",93.82,"MW"
222,2,2,2,"NY","Gas",0,45065,"generation",95.14,"MW"
223,2,2,2,"NY","Gas",0,46452,"generation",97.09,"MW"
224,2,2,2,"NY","Gas",0,47839,"generation",98.55,"MW"
225,2,2,4,"MA","Gas",0,1196,"generation",53.49,"MW"
226,2,2,4,"MA","Gas",0,2583,"generation",115.54,"MW"
227,2,2,4,"MA","Gas",0,3970,"generation",184.07,"MW"
228,2,2,4,"MA","Gas",0,5066,"generation",244.83,"MW"
229,2,2,4,"MA","Gas",0,6418,"generation",242.06,"MW"
230,2,2,4,"MA","Gas",0,7118,"generation",250.56,"MW"
231,2,2,4,"MA","Gas",0,7638,"generation",267.15,"MW"
232,2,2,4,"MA","Gas",0,8049,"generation",252.32,"MW"
233,2,2,4,"MA","Gas",0,8422,"generation",261.46,"MW"
234,2,2,4,"MA","Gas",0,8781,"generation",246.97,"MW"
235,2,2,4,"MA","Gas",0,9149,"generation",240.36,"MW"
236,2,2,4,"MA","Gas",0,9481,"generation",262.77,"MW"
237,2,2,4,"MA","Gas",0,9795,"generation",256.17,"MW"
238,2,2,4,"MA","Gas",0,10088,"generation",246.52,"MW"
239,2,2,4,"MA","Gas",0,10394,"generation",245.72,"MW"
240,2,2,4,"MA","Gas",0,10705,"generation",259.99,"MW"
241,2,2,4,"MA","Gas",0,11052,"generation",268.35,"MW"
242,2,2,4,"MA","Gas",0,11343,"generation",267.04,"MW"
243,2,2,4,"MA","Gas",0,11632,"generation",266.29,"MW"
244,2,2,4,"MA","Gas",0,11884,"generation",257.93,"MW"
245,2,2,4,"MA","Gas",0,12130,"generation",263.81,"MW"
246,2,2,4,"MA","Gas",0,12383,"generation",252.63,"MW"
247,2,2,4,"MA","Gas",0,12644,"generation",262.93,"MW"
248,2,2,4,"MA","Gas",0,12927,"generation",264.75,"MW"
249,2,2,4,"MA","Gas",0,13215,"generation",263.29,"MW"
250,2,2,4,"MA","Gas",0,13475,"generation",265.50,"MW"
251,2,2,4,"MA","Gas",0,13757,"generation",264.74,"MW"
252,2,2,4,"MA","Gas",0,14039,"generation",256.67,"MW"
253,2,2,4,"MA","Gas",0,14292,"generation",246.40,"MW"
254,2,2,4,"MA","Gas",0,14590,"generation",255.75,"MW"
255,2,2,4,"MA","Gas",0,14954,"generation",256.36,"MW"
256,2,2,4,"MA","Gas",0,15338,"generation",243.43,"MW"
257,2,2,4,"MA","Gas",0,15700,"generation",265.23,"MW"
258,2,2,4,"MA","Gas",0,16051,"generation",258.57,"MW"
259,2,2,4,"MA","Gas",0,16435,"generation",260.99,"MW"
260,2,2,4,"MA","Gas",0,16875,"generation",254.56,"MW"
261,2,2,4,"MA","Gas",0,17357,"generation",239.67,"MW"
262,2,2,4,"MA","Gas",0,17969,"generation",250.47,"MW"
263,2,2,4,"MA","Gas",0,18739,"generation",244.78,"MW"
264,2,2,4,"MA","Gas",0,19748,"generation",250.17,"MW"
265,2,2,4,"MA","Gas",0,20837,"generation",255.96,"MW"
266,2,2,4,"MA","Gas",0,22512,"generation",256.16,"MW"
267,2,2,4,"MA","Gas",0,26592,"generation",258.76,"MW"
268,2,2,4,"MA","Gas",0,30889,"generation",263.46,"MW"
269,2,2,4,"MA","Gas",0,32582,"generation",264.64,"MW"
270,2,2,4,"MA","Gas",0,33969,"generation",265.70,"MW"
271,2,2,4,"MA","Gas",0,35356,"generation",266.85,"MW"
272,2,2,4,"MA","Gas",0,36743,"generation",267.39,"MW"
273,2,2,4,"MA","Gas",0,38130,"generation",268.69,"MW"
274,2,2,4,"MA","Gas",0,39517,"generation",269.41,"MW"
275,2,2,4,"MA","Gas",0,40904,"generation",270.19,"MW"
276,2,2,4,"MA","Gas",0,42291,"generation",271.10,"MW"
277,2,2,4,"MA","Gas",0,43678,"generation",271.88,"MW"
278,2,2,4,"MA","Gas",0,45065,"generation",272.68,"MW"
279,2,2,4,"MA","Gas",0,46452,"generation",273.42,"MW"
280,2,2,4,"MA","Gas",0,47839,"generation",274.08,"MW"
281,2,2,5,"NY","Gas",0,1196,"generation",19.47,"MW"
282,2,2,5,"NY","Gas",0,2583,"generation",40.65,"MW"
283,2,2,5,"NY","Gas",0,3970,"generation",62.24,"MW"
284,2,2,5,"NY","Gas",0,5066,"generation",79.59,"MW"
285,2,2,5,"NY","Gas",0,6418,"generation",72.66,"MW"
286,2,2,5,"NY","Gas",0,7118,"generation",73.90,"MW"
287,2,2,5,"NY","Gas",0,7638,"generation",69.41,"MW"
288,2,2,5,"NY","Gas",0,8049,"generation",70.16,"MW"
289,2,2,5,"NY","Gas",0,8422,"generation",73.58,"MW"
290,2,2,5,"NY","Gas",0,8781,"generation",73.57,"MW"
291,2,2,5,"NY","Gas",0,9149,"generation",67.58,"MW"
292,2,2,5,"NY","Gas",0,9481,"generation",70.01,"MW"
293,2,2,5,"NY","Gas",0,9795,"generation",74.81,"MW"
294,2,2,5,"NY","Gas",0,10088,"generation",70.15,"MW"
295,2,2,5,"NY","Gas",0,10394,"generation",77.61,"MW"
296,2,2,5,"NY","Gas",0,10705,"generation",73.85,"MW"
297,2,2,5,"NY","Gas",0,11052,"generation",74.46,"MW"
298,2,2,5,"NY","Gas",0,11343,"generation",83.50,"MW"
299,2,2,5,"NY","Gas",0,11632,"generation",77.38,"MW"
300,2,2,5,"NY","Gas",0,11884,"generation",77.15,"MW"
301,2,2,5,"NY","Gas",0,12130,"generation",74.07,"MW"
302,2,2,5,"NY","Gas",0,12383,"generation",74.94,"MW"
303,2,2,5,"NY","Gas",0,12644,"generation",71.93,"MW"
304,2,2,5,"NY","Gas",0,12927,"generation",80.01,"MW"
305,2,2,5,"NY","Gas",0,13215,"generation",73.61,"MW"
306,2,2,5,"NY","Gas",0,13475,"generation",77.86,"MW"
307,2,2,5,"NY","Gas",0,13757,"generation",77.62,"MW"
308,2,2,5,"NY","Gas",0,14039,"generation",74.56,"MW"
309,2,2,5,"NY","Gas",0,14292,"generation",68.72,"MW"
310,2,2,5,"NY","Gas",0,14590,"generation",68.85,"MW"
311,2,2,5,"NY","Gas",0,14954,"generation",69.06,"MW"
312,2,2,5,"NY","Gas",0,15338,"generation",68.68,"MW"
313,2,2,5,"NY","Gas",0,15700,"generation",72.96,"MW"
314,2,2,5,"NY","Gas",0,16051,"generation",70.27,"MW"
315,2,2,5,"NY","Gas",0,16435,"generation",78.14,"MW"
316,2,2,5,"NY","Gas",0,16875,"generation",84.39,"MW"
317,2,2,5,"NY","Gas",0,17357,"generation",90.28,"MW"
318,2,2,5,"NY","Gas",0,17969,"generation",92.91,"MW"
319,2,2,5,"NY","Gas",0,18739,"generation",91.45,"MW"
320,2,2,5,"NY","Gas",0,19748,"generation",88.13,"MW"
321,2,2,5,"NY","Gas",0,20837,"generation",88.16,"MW"
322,2,2,5,"NY","Gas",0,22512,"generation",92.68,"MW"
323,2,2,5,"NY","Gas",0,26592,"generation",89.54,"MW"
324,2,2,5,"NY","Gas",0,30889,"generation",85.32,"MW"
325,2,2,5,"NY","Gas",0,32582,"generation",83.88,"MW"
326,2,2,5,"NY","Gas",0,33969,"generation",83.40,"MW"
327,2,2,5,"NY","Gas",0,35356,"generation",83.30,"MW"
328,2,2,5,"NY","Gas",0,36743,"generation",83.23,"MW"
329,2,2,5,"NY","Gas",0,38130,"generation",83.30,"MW"
330,2,2,5,"NY","Gas",0,39517,"generation",83.05,"MW"
331,2,2,5,"NY","Gas",0,40904,"generation",82.96,"MW"
332,2,2,5,"NY","Gas",0,42291,"generation",83.04,"MW"
333,2,2,5,"NY","Gas",0,43678,"generation",82.94,"MW"
334,2,2,5,"NY","Gas",0,45065,"generation",82.83,"MW"
335,2,2,5,"NY","Gas",0,46452,"generation",82.85,"MW"
336,2,2,5,"NY","Gas",0,47839,"generation",82.87,"MW"
337,2,2,6,"NH","Other",0,1196,"generation",16.00,"MW"
338,2,2,6,"NH","Other",0,2583,"generation",35.61,"MW"
339,2,2,6,"NH","Other",0,3970,"generation",55.58,"MW"
340,2,2,6,"NH","Other",0,5066,"generation",70.19,"MW"
341,2,2,6,"NH","Other",0,6418,"generation",62.25,"MW"
342,2,2,6,"NH","Other",0,7118,"generation",64.66,"MW"
343,2,2,6,"NH","Other",0,7638,"generation",63.31,"MW"
344,2,2,6,"NH","Other",0,8049,"generation",58.96,"MW"
345,2,2,6,"NH","Other",0,8422,"generation",60.22,"MW"
346,2,2,6,"NH","Other",0,8781,"generation",59.78,"MW"
347,2,2,6,"NH","Other",0,9149,"generation",56.76,"MW"
348,2,2,6,"NH","Other",0,9481,"generation",54.72,"MW"
349,2,2,6,"NH","Other",0,9795,"generation",53.39,"MW"
350,2,2,6,"NH","Other",0,10088,"generation",54.03,"MW"
351,2,2,6,"NH","Other",0,10394,"generation",51.28,"MW"
352,2,2,6,"NH","Other",0,10705,"generation",52.23,"MW"
353,2,2,6,"NH","Other",0,11052,"generation",52.03,"MW"
354,2,2,6,"NH","Other",0,11343,"generation",55.84,"MW"
355,2,2,6,"NH","Other",0,11632,"generation",52.46,"MW"
356,2,2,6,"NH","Other",0,11884,"generation",54.58,"MW"
357,2,2,6,"NH","Other",0,12130,"generation",60.01,"MW"
358,2,2,6,"NH","Other",0,12383,"generation",58.01,"MW"
359,2,2,6,"NH","Other",0,12644,"generation",55.55,"MW"
360,2,2,6,"NH","Other",0,12927,"generation",54.56,"MW"
361,2,2,6,"NH","Other",0,13215,"generation",50.89,"MW"
362,2,2,6,"NH","Other",0,13475,"generation",55.07,"MW"
363,2,2,6,"NH","Other",0,13757,"generation",51.74,"MW"
364,2,2,6,"NH","Other",0,14039,"generation",50.31,"MW"
365,2,2,6,"NH","Other",0,14292,"generation",53.93,"MW"
366,2,2,6,"NH","Other",0,14590,"generation",49.29,"MW"
367,2,2,6,"NH","Other",0,14954,"generation",48.24,"MW"
368,2,2,6,"NH","Other",0,15338,"generation",45.51,"MW"
369,2,2,6,"NH","Other",0,15700,"generation",45.56,"MW"
370,2,2,6,"NH","Other",0,16051,"generation",43.29,"MW"
371,2,2,6,"NH","Other",0,16435,"generation",43.49,"MW"
372,2,2,6,"NH","Other",0,16875,"generation",43.75,"MW"
373,2,2,6,"NH","Other",0,17357,"generation",47.54,"MW"
374,2,2,6,"NH","Other",0,17969,"generation",44.79,"MW"
375,2,2,6,"NH","Other",0,18739,"generation",53.26,"MW"
376,2,2,6,"NH","Other",0,19748,"generation",60.21,"MW"
377,2,2,6,"NH","Other",0,20837,"generation",57.65,"MW"
378,2,2,6,"NH","Other",0,22512,"generation",55.31,"MW"
379,2,2,6,"NH","Other",0,26592,"generation",61.66,"MW"
380,2,2,6,"NH","Other",0,30889,"generation",54.71,"MW"
381,2,2,6,"NH","Other",0,32582,"generation",53.08,"MW"
382,2,2,6,"NH","Other",0,33969,"generation",51.60,"MW"
383,2,2,6,"NH","Other",0,35356,"generation",50.54,"MW"
384,2,2,6,"NH","Other",0,36743,"generation",47.88,"MW"
385,2,2,6,"NH","Other",0,38130,"generation",46.34,"MW"
386,2,2,6,"NH","Other",0,39517,"generation",44.98,"MW"
387,2,2,6,"NH","Other",0,40904,"generation",43.83,"MW"
388,2,2,6,"NH","Other",0,42291,"generation",44.80,"MW"
389,2,2,6,"NH","Other",0,43678,"generation",45.14,"MW"
390,2,2,6,"NH","Other",0,45065,"generation",45.58,"MW"
391,2,2,6,"NH","Other",0,46452,"generation",46.49,"MW"
392,2,2,6,"NH","Other",0,47839,"generation",47.05,"MW"
393,2,2,7,"NY","Gas",0,1196,"generation",27.10,"MW"
394,2,2,7,"NY","Gas",0,2583,"generation",55.82,"MW"
395,2,2,7,"NY","Gas",0,3970,"generation",86.38,"MW"
396,2,2,7,"NY","Gas",0,5066,"generation",114.56,"MW"
397,2,2,7,"NY","Gas",0,6418,"generation",134.91,"MW"
398,2,2,7,"NY","Gas",0,7118,"generation",139.28,"MW"
399,2,2,7,"NY","Gas",0,7638,"generation",129.98,"MW"
400,2,2,7,"NY","Gas",0,8049,"generation",140.36,"MW"
401,2,2,7,"NY","Gas",0,8422,"generation",131.46,"MW"
402,2,2,7,"NY","Gas",0,8781,"generation",129.93,"MW"
403,2,2,7,"NY","Gas",0,9149,"generation",126.92,"MW"
404,2,2,7,"NY","Gas",0,9481,"generation",127.57,"MW"
405,2,2,7,"NY","Gas",0,9795,"generation",139.36,"MW"
406,2,2,7,"NY","Gas",0,10088,"generation",139.34,"MW"
407,2,2,7,"NY","Gas",0,10394,"generation",130.34,"MW"
408,2,2,7,"NY","Gas",0,10705,"generation",134.68,"MW"
409,2,2,7,"NY","Gas",0,11052,"generation",127.08,"MW"
410,2,2,7,"NY","Gas",0,11343,"generation",134.31,"MW"
411,2,2,7,"NY","Gas",0,11632,"generation",136.01,"MW"
412,2,2,7,"NY","Gas",0,11884,"generation",132.49,"MW"
413,2,2,7,"NY","Gas",0,12130,"generation",142.08,"MW"
414,2,2,7,"NY","Gas",0,12383,"generation",128.74,"MW"
415,2,2,7,"NY","Gas",0,12644,"generation",136.43,"MW"
416,2,2,7,"NY","Gas",0,12927,"generation",117.09,"MW"
417,2,2,7,"NY","Gas",0,13215,"generation",131.93,"MW"
418,2,2,7,"NY","Gas",0,13475,"generation",143.89,"MW"
419,2,2,7,"NY","Gas",0,13757,"generation",132.51,"MW"
420,2,2,7,"NY","Gas",0,14039,"generation",133.25,"MW"
421,2,2,7,"NY","Gas",0,14292,"generation",134.65,"MW"
422,2,2,7,"NY","Gas",0,14590,"generation",133.21,"MW"
423,2,2,7,"NY","Gas",0,14954,"generation",137.99,"MW"
424,2,2,7,"NY","Gas",0,15338,"generation",135.14,"MW"
425,2,2,7,"NY","Gas",0,15700,"generation",134.49,"MW"
426,2,2,7,"NY","Gas",0,16051,"generation",140.66,"MW"
427,2,2,7,"NY","Gas",0,16435,"generation",120.07,"MW"
428,2,2,7,"NY","Gas",0,16875,"generation",121.15,"MW"
429,2,2,7,"NY","Gas",0,17357,"generation",137.68,"MW"
430,2,2,7,"NY","Gas",0,17969,"generation",122.39,"MW"
431,2,2,7,"NY","Gas",0,18739,"generation",134.86,"MW"
432,2,2,7,"NY","Gas",0,19748,"generation",142.53,"MW"
433,2,2,7,"NY","Gas",0,20837,"generation",137.29,"MW"
434,2,2,7,"NY","Gas",0,22512,"generation",144.45,"MW"
435,2,2,7,"NY","Gas",0,26592,"generation",162.44,"MW"
436,2,2,7,"NY","Gas",0,30889,"generation",155.41,"MW"
437,2,2,7,"NY","Gas",0,32582,"generation",152.64,"MW"
438,2,2,7,"NY","Gas",0,33969,"generation",150.87,"MW"
439,2,2,7,"NY","Gas",0,35356,"generation",148.29,"MW"
440,2,2,7,"NY","Gas",0,36743,"generation",146.45,"MW"
441,2,2,7,"NY","Gas",0,38130,"generation",144.82,"MW"
442,2,2,7,"NY","Gas",0,39517,"generation",141.89,"MW"
443,2,2,7,"NY","Gas",0,40904,"generation",141.20,"MW"
444,2,2,7,"NY","Gas",0,42291,"generation",140.04,"MW"
445,2,2,7,"NY","Gas",0,43678,"generation",137.78,"MW"
446,2,2,7,"NY","Gas",0,45065,"generation",136.23,"MW"
447,2,2,7,"NY","Gas",0,46452,"generation",135.10,"MW"
448,2,2,7,"NY","Gas",0,47839,"generation",134.09,"MW"
449,2,2,7,"NY","Gas",0,1196,"generation",27.00,"MW"
450,2,2,7,"NY","Gas",0,2583,"generation",56.16,"MW"
451,2,2,7,"NY","Gas",0,3970,"generation",86.42,"MW"
452,2,2,7,"NY","Gas",0,5066,"generation",114.11,"MW"
453,2,2,7,"NY","Gas",0,6418,"generation",123.13,"MW"
454,2,2,7,"NY","Gas",0,7118,"generation",137.76,"MW"
455,2,2,7,"NY","Gas",0,7638,"generation",129.80,"MW"
456,2,2,7,"NY","Gas",0,8049,"generation",129.66,"MW"
457,2,2,7,"NY","Gas",0,8422,"generation",131.49,"MW"
458,2,2,7,"NY","Gas",0,8781,"generation",128.02,"MW"
459,2,2,7,"NY","Gas",0,9149,"generation",127.39,"MW"
460,2,2,7,"NY","Gas",0,9481,"generation",130.47,"MW"
461,2,2,7,"NY","Gas",0,9795,"generation",138.31,"MW"
462,2,2,7,"NY","Gas",0,10088,"generation",140.42,"MW"
463,2,2,7,"NY","Gas",0,10394,"generation",130.59,"MW"
464,2,2,7,"NY","Gas",0,10705,"generation",135.18,"MW"
465,2,2,7,"NY","Gas",0,11052,"generation",124.79,"MW"
466,2,2,7,"NY","Gas",0,11343,"generation",125.04,"MW"
467,2,2,7,"NY","Gas",0,11632,"generation",132.94,"MW"
468,2,2,7,"NY","Gas",0,11884,"generation",135.50,"MW"
469,2,2,7,"NY","Gas",0,12130,"generation",140.12,"MW"
470,2,2,7,"NY","Gas",0,12383,"generation",129.77,"MW"
471,2,2,7,"NY","Gas",0,12644,"generation",135.38,"MW"
472,2,2,7,"NY","Gas",0,12927,"generation",115.00,"MW"
473,2,2,7,"NY","Gas",0,13215,"generation",126.49,"MW"
474,2,2,7,"NY","Gas",0,13475,"generation",145.16,"MW"
475,2,2,7,"NY","Gas",0,13757,"generation",126.62,"MW"
476,2,2,7,"NY","Gas",0,14039,"generation",130.74,"MW"
477,2,2,7,"NY","Gas",0,14292,"generation",134.66,"MW"
478,2,2,7,"NY","Gas",0,14590,"generation",134.74,"MW"
479,2,2,7,"NY","Gas",0,14954,"generation",134.86,"MW"
480,2,2,7,"NY","Gas",0,15338,"generation",138.24,"MW"
481,2,2,7,"NY","Gas",0,15700,"generation",127.06,"MW"
482,2,2,7,"NY","Gas",0,16051,"generation",126.39,"MW"
483,2,2,7,"NY","Gas",0,16435,"generation",107.04,"MW"
484,2,2,7,"NY","Gas",0,16875,"generation",113.45,"MW"
485,2,2,7,"NY","Gas",0,17357,"generation",121.97,"MW"
486,2,2,7,"NY","Gas",0,17969,"generation",114.67,"MW"
487,2,2,7,"NY","Gas",0,18739,"generation",131.68,"MW"
488,2,2,7,"NY","Gas",0,19748,"generation",136.59,"MW"
489,2,2,7,"NY","Gas",0,20837,"generation",135.50,"MW"
490,2,2,7,"NY","Gas",0,22512,"generation",142.93,"MW"
491,2,2,7,"NY","Gas",0,26592,"generation",158.95,"MW"
492,2,2,7,"NY","Gas",0,30889,"generation",154.22,"MW"
493,2,2,7,"NY","Gas",0,32582,"generation",151.95,"MW"
494,2,2,7,"NY","Gas",0,33969,"generation",149.08,"MW"
495,2,2,7,"NY","Gas",0,35356,"generation",146.69,"MW"
496,2,2,7,"NY","Gas",0,36743,"generation",145.28,"MW"
497,2,2,7,"NY","Gas",0,38130,"generation",143.56,"MW"
498,2,2,7,"NY","Gas",0,39517,"generation",141.95,"MW"
499,2,2,7,"NY","Gas",0,40904,"generation",139.49,"MW"
500,2,2,7,"NY","Gas",0,42291,"generation",138.78,"MW"
501,2,2,7,"NY","Gas",0,43678,"generation",136.45,"MW"
502,2,2,7,"NY","Gas",0,45065,"generation",134.72,"MW"
503,2,2,7,"NY","Gas",0,46452,"generation",133.57,"MW"
504,2,2,7,"NY","Gas",0,47839,"generation",131.48,"MW"
505,2,2,7,"NY","Gas",0,1196,"generation",25.95,"MW"
506,2,2,7,"NY","Gas",0,2583,"generation",54.99,"MW"
507,2,2,7,"NY","Gas",0,3970,"generation",83.77,"MW"
508,2,2,7,"NY","Gas",0,5066,"generation",107.63,"MW"
509,2,2,7,"NY","Gas",0,6418,"generation",120.81,"MW"
510,2,2,7,"NY","Gas",0,7118,"generation",137.94,"MW"
511,2,2,7,"NY","Gas",0,7638,"generation",134.23,"MW"
512,2,2,7,"NY","Gas",0,8049,"generation",130.32,"MW"
513,2,2,7,"NY","Gas",0,8422,"generation",134.64,"MW"
514,2,2,7,"NY","Gas",0,8781,"generation",133.37,"MW"
515,2,2,7,"NY","Gas",0,9149,"generation",131.87,"MW"
516,2,2,7,"NY","Gas",0,9481,"generation",129.89,"MW"
517,2,2,7,"NY","Gas",0,9795,"generation",144.28,"MW"
518,2,2,7,"NY","Gas",0,10088,"generation",134.93,"MW"
519,2,2,7,"NY","Gas",0,10394,"generation",132.22,"MW"
520,2,2,7,"NY","Gas",0,10705,"generation",133.20,"MW"
521,2,2,7,"NY","Gas",0,11052,"generation",121.33,"MW"
522,2,2,7,"NY","Gas",0,11343,"generation",124.00,"MW"
523,2,2,7,"NY","Gas",0,11632,"generation",128.10,"MW"
524,2,2,7,"NY","Gas",0,11884,"generation",125.66,"MW"
525,2,2,7,"NY","Gas",0,12130,"generation",136.76,"MW"
526,2,2,7,"NY","Gas",0,12383,"generation",131.34,"MW"
527,2,2,7,"NY","Gas",0,12644,"generation",131.19,"MW"
528,2,2,7,"NY","Gas",0,12927,"generation",125.37,"MW"
529,2,2,7,"NY","Gas",0,13215,"generation",128.67,"MW"
530,2,2,7,"NY","Gas",0,13475,"generation",141.70,"MW"
531,2,2,7,"NY","Gas",0,13757,"generation",131.94,"MW"
532,2,2,7,"NY","Gas",0,14039,"generation",136.27,"MW"
533,2,2,7,"NY","Gas",0,14292,"generation",135.20,"MW"
534,2,2,7,"NY","Gas",0,14590,"generation",135.13,"MW"
535,2,2,7,"NY","Gas",0,14954,"generation",128.69,"MW"
536,2,2,7,"NY","Gas",0,15338,"generation",137.25,"MW"
537,2,2,7,"NY","Gas",0,15700,"generation",126.93,"MW"
538,2,2,7,"NY","Gas",0,16051,"generation",126.61,"MW"
539,2,2,7,"NY","Gas",0,16435,"generation",113.23,"MW"
540,2,2,7,"NY","Gas",0,16875,"generation",118.05,"MW"
541,2,2,7,"NY","Gas",0,17357,"generation",122.09,"MW"
542,2,2,7,"NY","Gas",0,17969,"generation",118.61,"MW"
543,2,2,7,"NY","Gas",0,18739,"generation",122.12,"MW"
544,2,2,7,"NY","Gas",0,19748,"generation",142.22,"MW"
545,2,2,7,"NY","Gas",0,20837,"generation",143.15,"MW"
546,2,2,7,"NY","Gas",0,22512,"generation",144.51,"MW"
547,2,2,7,"NY","Gas",0,26592,"generation",162.82,"MW"
548,2,2,7,"NY","Gas",0,30889,"generation",159.05,"MW"
549,2,2,7,"NY","Gas",0,32582,"generation",156.64,"MW"
550,2,2,7,"NY","Gas",0,33969,"generation",154.96,"MW"
551,2,2,7,"NY","Gas",0,35356,"generation",153.98,"MW"
552,2,2,7,"NY","Gas",0,36743,"generation",153.06,"MW"
553,2,2,7,"NY","Gas",0,38130,"generation",151.59,"MW"
554,2,2,7,"NY","Gas",0,39517,"generation",150.18,"MW"
555,2,2,7,"NY","Gas",0,40904,"generation",149.67,"MW"
556,2,2,7,"NY","Gas",0,42291,"generation",148.79,"MW"
557,2,2,7,"NY","Gas",0,43678,"generation",148.06,"MW"
558,2,2,7,"NY","Gas",0,45065,"generation",147.20,"MW"
559,2,2,7,"NY","Gas",0,46452,"generation",146.61,"MW"
560,2,2,7,"NY","Gas",0,47839,"generation",146.61,"MW"
561,2,2,8,"NY","Gas",0,1196,"generation",45.66,"MW"
562,2,2,8,"NY","Gas",0,2583,"generation",91.29,"MW"
563,2,2,8,"NY","Gas",0,3970,"generation",142.04,"MW"
564,2,2,8,"NY","Gas",0,5066,"generation",181.07,"MW"
565,2,2,8,"NY","Gas",0,6418,"generation",160.65,"MW"
566,2,2,8,"NY","Gas",0,7118,"generation",164.55,"MW"
567,2,2,8,"NY","Gas",0,7638,"generation",164.48,"MW"
568,2,2,8,"NY","Gas",0,8049,"generation",163.55,"MW"
569,2,2,8,"NY","Gas",0,8422,"generation",165.84,"MW"
570,2,2,8,"NY","Gas",0,8781,"generation",162.58,"MW"
571,2,2,8,"NY","Gas",0,9149,"generation",164.51,"MW"
572,2,2,8,"NY","Gas",0,9481,"generation",176.67,"MW"
573,2,2,8,"NY","Gas",0,9795,"generation",196.35,"MW"
574,2,2,8,"NY","Gas",0,10088,"generation",183.14,"MW"
575,2,2,8,"NY","Gas",0,10394,"generation",176.94,"MW"
576,2,2,8,"NY","Gas",0,10705,"generation",171.13,"MW"
577,2,2,8,"NY","Gas",0,11052,"generation",167.42,"MW"
578,2,2,8,"NY","Gas",0,11343,"generation",177.85,"MW"
579,2,2,8,"NY","Gas",0,11632,"generation",176.89,"MW"
580,2,2,8,"NY","Gas",0,11884,"generation",164.88,"MW"
581,2,2,8,"NY","Gas",0,12130,"generation",181.65,"MW"
582,2,2,8,"NY","Gas",0,12383,"generation",173.65,"MW"
583,2,2,8,"NY","Gas",0,12644,"generation",174.50,"MW"
584,2,2,8,"NY","Gas",0,12927,"generation",178.66,"MW"
585,2,2,8,"NY","Gas",0,13215,"generation",184.06,"MW"
586,2,2,8,"NY","Gas",0,13475,"generation",187.02,"MW"
587,2,2,8,"NY","Gas",0,13757,"generation",183.64,"MW"
588,2,2,8,"NY","Gas",0,14039,"generation",169.84,"MW"
589,2,2,8,"NY","Gas",0,14292,"generation",166.53,"MW"
590,2,2,8,"NY","Gas",0,14590,"generation",173.10,"MW"
591,2,2,8,"NY","Gas",0,14954,"generation",167.85,"MW"
592,2,2,8,"NY","Gas",0,15338,"generation",176.72,"MW"
593,2,2,8,"NY","Gas",0,15700,"generation",171.47,"MW"
594,2,2,8,"NY","Gas",0,16051,"generation",175.65,"MW"
595,2,2,8,"NY","Gas",0,16435,"generation",176.53,"MW"
596,2,2,8,"NY","Gas",0,16875,"generation",186.28,"MW"
597,2,2,8,"NY","Gas",0,17357,"generation",188.97,"MW"
598,2,2,8,"NY","Gas",0,17969,"generation",199.35,"MW"
599,2,2,8,"NY","Gas",0,18739,"generation",209.43,"MW"
600,2,2,8,"NY","Gas",0,19748,"generation",227.69,"MW"
601,2,2,8,"NY","Gas",0,20837,"generation",216.00,"MW"
602,2,2,8,"NY","Gas",0,22512,"generation",218.29,"MW"
603,2,2,8,"NY","Gas",0,26592,"generation",232.61,"MW"
604,2,2,8,"NY","Gas",0,30889,"generation",227.66,"MW"
605,2,2,8,"NY","Gas",0,32582,"generation",225.39,"MW"
606,2,2,8,"NY","Gas",0,33969,"generation",224.37,"MW"
607,2,2,8,"NY","Gas",0,35356,"generation",224.25,"MW"
608,2,2,8,"NY","Gas",0,36743,"generation",224.06,"MW"
609,2,2,8,"NY","Gas",0,38130,"generation",224.21,"MW"
610,2,2,8,"NY","Gas",0,39517,"generation",224.06,"MW"
611,2,2,8,"NY","Gas",0,40904,"generation",223.93,"MW"
612,2,2,8,"NY","Gas",0,42291,"generation",224.11,"MW"
613,2,2,8,"NY","Gas",0,43678,"generation",224.01,"MW"
614,2,2,8,"NY","Gas",0,45065,"generation",224.07,"MW"
615,2,2,8,"NY","Gas",0,46452,"generation",223.96,"MW"
616,2,2,8,"NY","Gas",0,47839,"generation",223.87,"MW"
617,2,2,9,"NH","Gas",0,1196,"generation",31.85,"MW"
618,2,2,9,"NH","Gas",0,2583,"generation",71.01,"MW"
619,2,2,9,"NH","Gas",0,3970,"generation",106.93,"MW"
620,2,2,9,"NH","Gas",0,5066,"generation",141.30,"MW"
621,2,2,9,"NH","Gas",0,6418,"generation",145.57,"MW"
622,2,2,9,"NH","Gas",0,7118,"generation",165.30,"MW"
623,2,2,9,"NH","Gas",0,7638,"generation",160.34,"MW"
624,2,2,9,"NH","Gas",0,8049,"generation",155.84,"MW"
625,2,2,9,"NH","Gas",0,8422,"generation",175.65,"MW"
626,2,2,9,"NH","Gas",0,8781,"generation",171.01,"MW"
627,2,2,9,"NH","Gas",0,9149,"generation",182.13,"MW"
628,2,2,9,"NH","Gas",0,9481,"generation",172.54,"MW"
629,2,2,9,"NH","Gas",0,9795,"generation",177.07,"MW"
630,2,2,9,"NH","Gas",0,10088,"generation",178.45,"MW"
631,2,2,9,"NH","Gas",0,10394,"generation",174.97,"MW"
632,2,2,9,"NH","Gas",0,10705,"generation",188.04,"MW"
633,2,2,9,"NH","Gas",0,11052,"generation",170.40,"MW"
634,2,2,9,"NH","Gas",0,11343,"generation",184.46,"MW"
635,2,2,9,"NH","Gas",0,11632,"generation",181.08,"MW"
636,2,2,9,"NH","Gas",0,11884,"generation",167.26,"MW"
637,2,2,9,"NH","Gas",0,12130,"generation",183.11,"MW"
638,2,2,9,"NH","Gas",0,12383,"generation",181.74,"MW"
639,2,2,9,"NH","Gas",0,12644,"generation",189.81,"MW"
640,2,2,9,"NH","Gas",0,12927,"generation",184.60,"MW"
641,2,2,9,"NH","Gas",0,13215,"generation",190.99,"MW"
642,2,2,9,"NH","Gas",0,13475,"generation",197.48,"MW"
643,2,2,9,"NH","Gas",0,13757,"generation",192.28,"MW"
644,2,2,9,"NH","Gas",0,14039,"generation",193.28,"MW"
645,2,2,9,"NH","Gas",0,14292,"generation",199.08,"MW"
646,2,2,9,"NH","Gas",0,14590,"generation",191.79,"MW"
647,2,2,9,"NH","Gas",0,14954,"generation",194.69,"MW"
648,2,2,9,"NH","Gas",0,15338,"generation",187.07,"MW"
649,2,2,9,"NH","Gas",0,15700,"generation",182.52,"MW"
650,2,2,9,"NH","Gas",0,16051,"generation",191.79,"MW"
651,2,2,9,"NH","Gas",0,16435,"generation",173.76,"MW"
652,2,2,9,"NH","Gas",0,16875,"generation",166.69,"MW"
653,2,2,9,"NH","Gas",0,17357,"generation",173.16,"MW"
654,2,2,9,"NH","Gas",0,17969,"generation",156.26,"MW"
655,2,2,9,"NH","Gas",0,18739,"generation",165.42,"MW"
656,2,2,9,"NH","Gas",0,19748,"generation",178.79,"MW"
657,2,2,9,"NH","Gas",0,20837,"generation",175.29,"MW"
658,2,2,9,"NH","Gas",0,22512,"generation",172.12,"MW"
659,2,2,9,"NH","Gas",0,26592,"generation",203.61,"MW"
660,2,2,9,"NH","Gas",0,30889,"generation",216.68,"MW"
661,2,2,9,"NH","Gas",0,32582,"generation",215.75,"MW"
662,2,2,9,"NH","Gas",0,33969,"generation",214.95,"MW"
663,2,2,9,"NH","Gas",0,35356,"generation",214.19,"MW"
664,2,2,9,"NH","Gas",0,36743,"generation",213.29,"MW"
665,2,2,9,"NH","Gas",0,38130,"generation",212.82,"MW"
666,2,2,9,"NH","Gas",0,39517,"generation",212.32,"MW"
667,2,2,9,"NH","Gas",0,40904,"generation",211.83,"MW"
668,2,2,9,"NH","Gas",0,42291,"generation",211.16,"MW"
669,2,2,9,"NH","Gas",0,43678,"generation",210.35,"MW"
670,2,2,9,"NH","Gas",0,45065,"generation",210.00,"MW"
671,2,2,9,"NH","Gas",0,46452,"generation",209.33,"MW"
672,2,2,9,"NH","Gas",0,47839,"generation",208.76,"MW"
673,2,2,10,"NY","Gas",0,1196,"generation",9.93,"MW"
674,2,2,10,"NY","Gas",0,2583,"generation",20.86,"MW"
675,2,2,10,"NY","Gas",0,3970,"generation",32.11,"MW"
676,2,2,10,"NY","Gas",0,5066,"generation",41.54,"MW"
677,2,2,10,"NY","Gas",0,6418,"generation",25.92,"MW"
678,2,2,10,"NY","Gas",0,7118,"generation",25.32,"MW"
679,2,2,10,"NY","Gas",0,7638,"generation",31.52,"MW"
680,2,2,10,"NY","Gas",0,8049,"generation",32.30,"MW"
681,2,2,10,"NY","Gas",0,8422,"generation",29.88,"MW"
682,2,2,10,"NY","Gas",0,8781,"generation",30.31,"MW"
683,2,2,10,"NY","Gas",0,9149,"generation",31.60,"MW"
684,2,2,10,"NY","Gas",0,9481,"generation",32.61,"MW"
685,2,2,10,"NY","Gas",0,9795,"generation",31.32,"MW"
686,2,2,10,"NY","Gas",0,10088,"generation",33.25,"MW"
687,2,2,10,"NY","Gas",0,10394,"generation",29.58,"MW"
688,2,2,10,"NY","Gas",0,10705,"generation",29.47,"MW"
689,2,2,10,"NY","Gas",0,11052,"generation",31.93,"MW"
690,2,2,10,"NY","Gas",0,11343,"generation",29.43,"MW"
691,2,2,10,"NY","Gas",0,11632,"generation",31.44,"MW"
692,2,2,10,"NY","Gas",0,11884,"generation",31.89,"MW"
693,2,2,10,"NY","Gas",0,12130,"generation",29.20,"MW"
694,2,2,10,"NY","Gas",0,12383,"generation",31.03,"MW"
695,2,2,10,"NY","Gas",0,12644,"generation",32.58,"MW"
696,2,2,10,"NY","Gas",0,12927,"generation",31.28,"MW"
697,2,2,10,"NY","Gas",0,13215,"generation",33.19,"MW"
698,2,2,10,"NY","Gas",0,13475,"generation",35.10,"MW"
699,2,2,10,"NY","Gas",0,13757,"generation",33.13,"MW"
700,2,2,10,"NY","Gas",0,14039,"generation",31.95,"MW"
701,2,2,10,"NY","Gas",0,14292,"generation",35.68,"MW"
702,2,2,10,"NY","Gas",0,14590,"generation",33.40,"MW"
703,2,2,10,"NY","Gas",0,14954,"generation",33.98,"MW"
704,2,2,10,"NY","Gas",0,15338,"generation",36.92,"MW"
705,2,2,10,"NY","Gas",0,15700,"generation",34.73,"MW"
706,2,2,10,"NY","Gas",0,16051,"generation",35.58,"MW"
707,2,2,10,"NY","Gas",0,16435,"generation",31.59,"MW"
708,2,2,10,"NY","Gas",0,16875,"generation",33.58,"MW"
709,2,2,10,"NY","Gas",0,17357,"generation",35.28,"MW"
710,2,2,10,"NY","Gas",0,17969,"generation",33.96,"MW"
711,2,2,10,"NY","Gas",0,18739,"generation",39.10,"MW"
712,2,2,10,"NY","Gas",0,19748,"generation",41.49,"MW"
713,2,2,10,"NY","Gas",0,20837,"generation",42.73,"MW"
714,2,2,10,"NY","Gas",0,22512,"generation",44.30,"MW"
715,2,2,10,"NY","Gas",0,26592,"generation",44.37,"MW"
716,2,2,10,"NY","Gas",0,30889,"generation",42.71,"MW"
717,2,2,10,"NY","Gas",0,32582,"generation",42.10,"MW"
718,2,2,10,"NY","Gas",0,33969,"generation",41.79,"MW"
719,2,2,10,"NY","Gas",0,35356,"generation",41.79,"MW"
720,2,2,10,"NY","Gas",0,36743,"generation",41.79,"MW"
721,2,2,10,"NY","Gas",0,38130,"generation",41.79,"MW"
722,2,2,10,"NY","Gas",0,39517,"generation",41.79,"MW"
723,2,2,10,"NY","Gas",0,40904,"generation",41.79,"MW"
724,2,2,10,"NY","Gas",0,42291,"generation",41.79,"MW"
725,2,2,10,"NY","Gas",0,43678,"generation",41.79,"MW"
726,2,2,10,"NY","Gas",0,45065,"generation",41.79,"MW"
727,2,2,10,"NY","Gas",0,46452,"generation",41.79,"MW"
728,2,2,10,"NY","Gas",0,47839,"generation",41.79,"MW"
729,2,2,11,"CT","Gas",0,1196,"generation",52.73,"MW"
730,2,2,11,"CT","Gas",0,2583,"generation",110.94,"MW"
731,2,2,11,"CT","Gas",0,3970,"generation",173.60,"MW"
732,2,2,11,"CT","Gas",0,5066,"generation",235.36,"MW"
733,2,2,11,"CT","Gas",0,6418,"generation",231.21,"MW"
734,2,2,11,"CT","Gas",0,7118,"generation",228.59,"MW"
735,2,2,11,"CT","Gas",0,7638,"generation",224.81,"MW"
736,2,2,11,"CT","Gas",0,8049,"generation",235.99,"MW"
737,2,2,11,"CT","Gas",0,8422,"generation",230.97,"MW"
738,2,2,11,"CT","Gas",0,8781,"generation",220.88,"MW"
739,2,2,11,"CT","Gas",0,9149,"generation",219.21,"MW"
740,2,2,11,"CT","Gas",0,9481,"generation",237.82,"MW"
741,2,2,11,"CT","Gas",0,9795,"generation",249.95,"MW"
742,2,2,11,"CT","Gas",0,10088,"generation",244.87,"MW"
743,2,2,11,"CT","Gas",0,10394,"generation",253.19,"MW"
744,2,2,11,"CT","Gas",0,10705,"generation",256.04,"MW"
745,2,2,11,"CT","Gas",0,11052,"generation",256.47,"MW"
746,2,2,11,"CT","Gas",0,11343,"generation",262.31,"MW"
747,2,2,11,"CT","Gas",0,11632,"generation",260.70,"MW"
748,2,2,11,"CT","Gas",0,11884,"generation",249.06,"MW"
749,2,2,11,"CT","Gas",0,12130,"generation",274.98,"MW"
750,2,2,11,"CT","Gas",0,12383,"generation",261.28,"MW"
751,2,2,11,"CT","Gas",0,12644,"generation",255.23,"MW"
752,2,2,11,"CT","Gas",0,12927,"generation",262.60,"MW"
753,2,2,11,"CT","Gas",0,13215,"generation",260.73,"MW"
754,2,2,11,"CT","Gas",0,13475,"generation",273.76,"MW"
755,2,2,11,"CT","Gas",0,13757,"generation",265.69,"MW"
756,2,2,11,"CT","Gas",0,14039,"generation",269.22,"MW"
757,2,2,11,"CT","Gas",0,14292,"generation",275.26,"MW"
758,2,2,11,"CT","Gas",0,14590,"generation",262.90,"MW"
759,2,2,11,"CT","Gas",0,14954,"generation",268.89,"MW"
760,2,2,11,"CT","Gas",0,15338,"generation",273.99,"MW"
761,2,2,11,"CT","Gas",0,15700,"generation",283.53,"MW"
762,2,2,11,"CT","Gas",0,16051,"generation",294.00,"MW"
763,2,2,11,"CT","Gas",0,16435,"generation",292.85,"MW"
764,2,2,11,"CT","Gas",0,16875,"generation",293.38,"MW"
765,2,2,11,"CT","Gas",0,17357,"generation",297.12,"MW"
766,2,2,11,"CT","Gas",0,17969,"generation",305.11,"MW"
767,2,2,11,"CT","Gas",0,18739,"generation",303.16,"MW"
768,2,2,11,"CT","Gas",0,19748,"generation",298.65,"MW"
769,2,2,11,"CT","Gas",0,20837,"generation",287.04,"MW"
770,2,2,11,"CT","Gas",0,22512,"generation",301.92,"MW"
771,2,2,11,"CT","Gas",0,26592,"generation",313.44,"MW"
772,2,2,11,"CT","Gas",0,30889,"generation",319.57,"MW"
773,2,2,11,"CT","Gas",0,32582,"generation",320.02,"MW"
774,2,2,11,"CT","Gas",0,33969,"generation",320.01,"MW"
775,2,2,11,"CT","Gas",0,35356,"generation",320.23,"MW"
776,2,2,11,"CT","Gas",0,36743,"generation",320.29,"MW"
777,2,2,11,"CT","Gas",0,38130,"generation",320.35,"MW"
778,2,2,11,"CT","Gas",0,39517,"generation",320.59,"MW"
779,2,2,11,"CT","Gas",0,40904,"generation",320.49,"MW"
780,2,2,11,"CT","Gas",0,42291,"generation",320.62,"MW"
781,2,2,11,"CT","Gas",0,43678,"generation",320.74,"MW"
782,2,2,11,"CT","Gas",0,45065,"generation",320.86,"MW"
783,2,2,11,"CT","Gas",0,46452,"generation",321.00,"MW"
784,2,2,11,"CT","Gas",0,47839,"generation",320.97,"MW"
785,2,2,12,"CT","Gas",0,1196,"generation",45.42,"MW"
786,2,2,12,"CT","Gas",0,2583,"generation",97.25,"MW"
787,2,2,12,"CT","Gas",0,3970,"generation",148.58,"MW"
788,2,2,12,"CT","Gas",0,5066,"generation",192.31,"MW"
789,2,2,12,"CT","Gas",0,6418,"generation",161.92,"MW"
790,2,2,12,"CT","Gas",0,7118,"generation",167.81,"MW"
791,2,2,12,"CT","Gas",0,7638,"generation",188.06,"MW"
792,2,2,12,"CT","Gas",0,8049,"generation",172.22,"MW"
793,2,2,12,"CT","Gas",0,8422,"generation",182.45,"MW"
794,2,2,12,"CT","Gas",0,8781,"generation",177.98,"MW"
795,2,2,12,"CT","Gas",0,9149,"generation",174.56,"MW"
796,2,2,12,"CT","Gas",0,9481,"generation",186.39,"MW"
797,2,2,12,"CT","Gas",0,9795,"generation",193.92,"MW"
798,2,2,12,"CT","Gas",0,10088,"generation",194.33,"MW"
799,2,2,12,"CT","Gas",0,10394,"generation",193.18,"MW"
800,2,2,12,"CT","Gas",0,10705,"generation",200.84,"MW"
801,2,2,12,"CT","Gas",0,11052,"generation",204.40,"MW"
802,2,2,12,"CT","Gas",0,11343,"generation",204.64,"MW"
803,2,2,12,"CT","Gas",0,11632,"generation",219.34,"MW"
804,2,2,12,"CT","Gas",0,11884,"generation",211.12,"MW"
805,2,2,12,"CT","Gas",0,12130,"generation",213.95,"MW"
806,2,2,12,"CT","Gas",0,12383,"generation",211.12,"MW"
807,2,2,12,"CT","Gas",0,12644,"generation",228.36,"MW"
808,2,2,12,"CT","Gas",0,12927,"generation",221.95,"MW"
809,2,2,12,"CT","Gas",0,13215,"generation",233.08,"MW"
810,2,2,12,"CT","Gas",0,13475,"generation",223.14,"MW"
811,2,2,12,"CT","Gas",0,13757,"generation",231.31,"MW"
812,2,2,12,"CT","Gas",0,14039,"generation",224.86,"MW"
813,2,2,12,"CT","Gas",0,14292,"generation",231.10,"MW"
814,2,2,12,"CT","Gas",0,14590,"generation",234.75,"MW"
815,2,2,12,"CT","Gas",0,14954,"generation",231.12,"MW"
816,2,2,12,"CT","Gas",0,15338,"generation",236.91,"MW"
817,2,2,12,"CT","Gas",0,15700,"generation",239.32,"MW"
818,2,2,12,"CT","Gas",0,16051,"generation",236.33,"MW"
819,2,2,12,"CT","Gas",0,16435,"generation",243.22,"MW"
820,2,2,12,"CT","Gas",0,16875,"generation",236.00,"MW"
821,2,2,12,"CT","Gas",0,17357,"generation",245.11,"MW"
822,2,2,12,"CT","Gas",0,17969,"generation",240.29,"MW"
823,2,2,12,"CT","Gas",0,18739,"generation",227.56,"MW"
824,2,2,12,"CT","Gas",0,19748,"generation",235.71,"MW"
825,2,2,12,"CT","Gas",0,20837,"generation",232.98,"MW"
826,2,2,12,"CT","Gas",0,22512,"generation",252.36,"MW"
827,2,2,12,"CT","Gas",0,26592,"generation",255.96,"MW"
828,2,2,12,"CT","Gas",0,30889,"generation",256.45,"MW"
829,2,2,12,"CT","Gas",0,32582,"generation",256.45,"MW"
830,2,2,12,"CT","Gas",0,33969,"generation",256.45,"MW"
831,2,2,12,"CT","Gas",0,35356,"generation",256.45,"MW"
832,2,2,12,"CT","Gas",0,36743,"generation",256.45,"MW"
833,2,2,12,"CT","Gas",0,38130,"generation",256.45,"MW"
834,2,2,12,"CT","Gas",0,39517,"generation",256.45,"MW"
835,2,2,12,"CT","Gas",0,40904,"generation",256.45,"MW"
836,2,2,12,"CT","Gas",0,42291,"generation",256.45,"MW"
837,2,2,12,"CT","Gas",0,43678,"generation",256.45,"MW"
838,2,2,12,"CT","Gas",0,45065,"generation",256.45,"MW"
839,2,2,12,"CT","Gas",0,46452,"generation",256.45,"MW"
840,2,2,12,"CT","Gas",0,47839,"generation",256.45,"MW"
841,2,2,13,"NY","Gas",0,1196,"generation",6.75,"MW"
842,2,2,13,"NY","Gas",0,2583,"generation",14.74,"MW"
843,2,2,13,"NY","Gas",0,3970,"generation",22.61,"MW"
844,2,2,13,"NY","Gas",0,5066,"generation",29.39,"MW"
845,2,2,13,"NY","Gas",0,6418,"generation",34.72,"MW"
846,2,2,13,"NY","Gas",0,7118,"generation",36.25,"MW"
847,2,2,13,"NY","Gas",0,7638,"generation",38.73,"MW"
848,2,2,13,"NY","Gas",0,8049,"generation",36.16,"MW"
849,2,2,13,"NY","Gas",0,8422,"generation",39.58,"MW"
850,2,2,13,"NY","Gas",0,8781,"generation",39.70,"MW"
851,2,2,13,"NY","Gas",0,9149,"generation",37.56,"MW"
852,2,2,13,"NY","Gas",0,9481,"generation",37.91,"MW"
853,2,2,13,"NY","Gas",0,9795,"generation",43.04,"MW"
854,2,2,13,"NY","Gas",0,10088,"generation",42.55,"MW"
855,2,2,13,"NY","Gas",0,10394,"generation",42.37,"MW"
856,2,2,13,"NY","Gas",0,10705,"generation",40.12,"MW"
857,2,2,13,"NY","Gas",0,11052,"generation",42.39,"MW"
858,2,2,13,"NY","Gas",0,11343,"generation",42.81,"MW"
859,2,2,13,"NY","Gas",0,11632,"generation",42.59,"MW"
860,2,2,13,"NY","Gas",0,11884,"generation",44.29,"MW"
861,2,2,13,"NY","Gas",0,12130,"generation",43.46,"MW"
862,2,2,13,"NY","Gas",0,12383,"generation",43.46,"MW"
863,2,2,13,"NY","Gas",0,12644,"generation",43.00,"MW"
864,2,2,13,"NY","Gas",0,12927,"generation",41.29,"MW"
865,2,2,13,"NY","Gas",0,13215,"generation",41.84,"MW"
866,2,2,13,"NY","Gas",0,13475,"generation",44.92,"MW"
867,2,2,13,"NY","Gas",0,13757,"generation",43.77,"MW"
868,2,2,13,"NY","Gas",0,14039,"generation",42.92,"MW"
869,2,2,13,"NY","Gas",0,14292,"generation",44.22,"MW"
870,2,2,13,"NY","Gas",0,14590,"generation",41.55,"MW"
871,2,2,13,"NY","Gas",0,14954,"generation",43.76,"MW"
872,2,2,13,"NY","Gas",0,15338,"generation",46.70,"MW"
873,2,2,13,"NY","Gas",0,15700,"generation",45.65,"MW"
874,2,2,13,"NY","Gas",0,16051,"generation",45.99,"MW"
875,2,2,13,"NY","Gas",0,16435,"generation",44.17,"MW"
876,2,2,13,"NY","Gas",0,16875,"generation",44.75,"MW"
877,2,2,13,"NY","Gas",0,17357,"generation",46.24,"MW"
878,2,2,13,"NY","Gas",0,17969,"generation",45.00,"MW"
879,2,2,13,"NY","Gas",0,18739,"generation",45.42,"MW"
880,2,2,13,"NY","Gas",0,19748,"generation",47.54,"MW"
881,2,2,13,"NY","Gas",0,20837,"generation",44.61,"MW"
882,2,2,13,"NY","Gas",0,22512,"generation",45.85,"MW"
883,2,2,13,"NY","Gas",0,26592,"generation",48.11,"MW"
884,2,2,13,"NY","Gas",0,30889,"generation",49.02,"MW"
885,2,2,13,"NY","Gas",0,32582,"generation",49.14,"MW"
886,2,2,13,"NY","Gas",0,33969,"generation",49.21,"MW"
887,2,2,13,"NY","Gas",0,35356,"generation",49.27,"MW"
888,2,2,13,"NY","Gas",0,36743,"generation",49.31,"MW"
889,2,2,13,"NY","Gas",0,38130,"generation",49.40,"MW"
890,2,2,13,"NY","Gas",0,39517,"generation",49.47,"MW"
891,2,2,13,"NY","Gas",0,40904,"generation",49.52,"MW"
892,2,2,13,"NY","Gas",0,42291,"generation",49.58,"MW"
893,2,2,13,"NY","Gas",0,43678,"generation",49.69,"MW"
894,2,2,13,"NY","Gas",0,45065,"generation",49.77,"MW"
895,2,2,13,"NY","Gas",0,46452,"generation",49.89,"MW"
896,2,2,13,"NY","Gas",0,47839,"generation",49.95,"MW"
897,2,2,11,"CT","Gas",0,1196,"generation",49.31,"MW"
898,2,2,11,"CT","Gas",0,2583,"generation",105.69,"MW"
899,2,2,11,"CT","Gas",0,3970,"generation",175.23,"MW"
900,2,2,11,"CT","Gas",0,5066,"generation",235.10,"MW"
901,2,2,11,"CT","Gas",0,6418,"generation",227.17,"MW"
902,2,2,11,"CT","Gas",0,7118,"generation",225.97,"MW"
903,2,2,11,"CT","Gas",0,7638,"generation",224.51,"MW"
904,2,2,11,"CT","Gas",0,8049,"generation",224.26,"MW"
905,2,2,11,"CT","Gas",0,8422,"generation",225.18,"MW"
906,2,2,11,"CT","Gas",0,8781,"generation",219.39,"MW"
907,2,2,11,"CT","Gas",0,9149,"generation",211.56,"MW"
908,2,2,11,"CT","Gas",0,9481,"generation",229.12,"MW"
909,2,2,11,"CT","Gas",0,9795,"generation",240.37,"MW"
910,2,2,11,"CT","Gas",0,10088,"generation",237.21,"MW"
911,2,2,11,"CT","Gas",0,10394,"generation",243.72,"MW"
912,2,2,11,"CT","Gas",0,10705,"generation",244.13,"MW"
913,2,2,11,"CT","Gas",0,11052,"generation",241.36,"MW"
914,2,2,11,"CT","Gas",0,11343,"generation",243.89,"MW"
915,2,2,11,"CT","Gas",0,11632,"generation",245.89,"MW"
916,2,2,11,"CT","Gas",0,11884,"generation",235.90,"MW"
917,2,2,11,"CT","Gas",0,12130,"generation",259.07,"MW"
918,2,2,11,"CT","Gas",0,12383,"generation",244.72,"MW"
919,2,2,11,"CT","Gas",0,12644,"generation",241.25,"MW"
920,2,2,11,"CT","Gas",0,12927,"generation",240.22,"MW"
921,2,2,11,"CT","Gas",0,13215,"generation",233.95,"MW"
922,2,2,11,"CT","Gas",0,13475,"generation",246.44,"MW"
923,2,2,11,"CT","Gas",0,13757,"generation",242.82,"MW"
924,2,2,11,"CT","Gas",0,14039,"generation",245.59,"MW"
925,2,2,11,"CT","Gas",0,14292,"generation",243.46,"MW"
926,2,2,11,"CT","Gas",0,14590,"generation",244.83,"MW"
927,2,2,11,"CT","Gas",0,14954,"generation",240.74,"MW"
928,2,2,11,"CT","Gas",0,15338,"generation",253.98,"MW"
929,2,2,11,"CT","Gas",0,15700,"generation",258.19,"MW"
930,2,2,11,"CT","Gas",0,16051,"generation",276.28,"MW"
931,2,2,11,"CT","Gas",0,16435,"generation",267.99,"MW"
932,2,2,11,"CT","Gas",0,16875,"generation",278.09,"MW"
933,2,2,11,"CT","Gas",0,17357,"generation",274.91,"MW"
934,2,2,11,"CT","Gas",0,17969,"generation",277.96,"MW"
935,2,2,11,"CT","Gas",0,18739,"generation",281.44,"MW"
936,2,2,11,"CT","Gas",0,19748,"generation",289.82,"MW"
937,2,2,11,"CT","Gas",0,20837,"generation",270.17,"MW"
938,2,2,11,"CT","Gas",0,22512,"generation",289.38,"MW"
939,2,2,11,"CT","Gas",0,26592,"generation",307.06,"MW"
940,2,2,11,"CT","Gas",0,30889,"generation",312.94,"MW"
941,2,2,11,"CT","Gas",0,32582,"generation",312.92,"MW"
942,2,2,11,"CT","Gas",0,33969,"generation",312.96,"MW"
943,2,2,11,"CT","Gas",0,35356,"generation",313.13,"MW"
944,2,2,11,"CT","Gas",0,36743,"generation",313.19,"MW"
945,2,2,11,"CT","Gas",0,38130,"generation",313.23,"MW"
946,2,2,11,"CT","Gas",0,39517,"generation",313.19,"MW"
947,2,2,11,"CT","Gas",0,40904,"generation",313.20,"MW"
948,2,2,11,"CT","Gas",0,42291,"generation",313.23,"MW"
949,2,2,11,"CT","Gas",0,43678,"generation",313.23,"MW"
950,2,2,11,"CT","Gas",0,45065,"generation",313.32,"MW"
951,2,2,11,"CT","Gas",0,46452,"generation",313.59,"MW"
952,2,2,11,"CT","Gas",0,47839,"generation",313.63,"MW"
953,2,2,14,"NY","Gas",0,1196,"generation",6.87,"MW"
954,2,2,14,"NY","Gas",0,2583,"generation",15.33,"MW"
955,2,2,14,"NY","Gas",0,3970,"generation",23.45,"MW"
956,2,2,14,"NY","Gas",0,5066,"generation",29.83,"MW"
957,2,2,14,"NY","Gas",0,6418,"generation",28.89,"MW"
958,2,2,14,"NY","Gas",0,7118,"generation",30.93,"MW"
959,2,2,14,"NY","Gas",0,7638,"generation",29.53,"MW"
960,2,2,14,"NY","Gas",0,8049,"generation",30.53,"MW"
961,2,2,14,"NY","Gas",0,8422,"generation",28.72,"MW"
962,2,2,14,"NY","Gas",0,8781,"generation",29.65,"MW"
963,2,2,14,"NY","Gas",0,9149,"generation",28.67,"MW"
964,2,2,14,"NY","Gas",0,9481,"generation",28.43,"MW"
965,2,2,14,"NY","Gas",0,9795,"generation",28.41,"MW"
966,2,2,14,"NY","Gas",0,10088,"generation",30.50,"MW"
967,2,2,14,"NY","Gas",0,10394,"generation",31.33,"MW"
968,2,2,14,"NY","Gas",0,10705,"generation",31.64,"MW"
969,2,2,14,"NY","Gas",0,11052,"generation",33.31,"MW"
970,2,2,14,"NY","Gas",0,11343,"generation",32.96,"MW"
971,2,2,14,"NY","Gas",0,11632,"generation",32.35,"MW"
972,2,2,14,"NY","Gas",0,11884,"generation",33.39,"MW"
973,2,2,14,"NY","Gas",0,12130,"generation",32.82,"MW"
974,2,2,14,"NY","Gas",0,12383,"generation",33.28,"MW"
975,2,2,14,"NY","Gas",0,12644,"generation",32.89,"MW"
976,2,2,14,"NY","Gas",0,12927,"generation",32.52,"MW"
977,2,2,14,"NY","Gas",0,13215,"generation",32.20,"MW"
978,2,2,14,"NY","Gas",0,13475,"generation",33.12,"MW"
979,2,2,14,"NY","Gas",0,13757,"generation",32.97,"MW"
980,2,2,14,"NY","Gas",0,14039,"generation",31.94,"MW"
981,2,2,14,"NY","Gas",0,14292,"generation",32.24,"MW"
982,2,2,14,"NY","Gas",0,14590,"generation",33.62,"MW"
983,2,2,14,"NY","Gas",0,14954,"generation",32.48,"MW"
984,2,2,14,"NY","Gas",0,15338,"generation",34.61,"MW"
985,2,2,14,"NY","Gas",0,15700,"generation",32.85,"MW"
986,2,2,14,"NY","Gas",0,16051,"generation",33.18,"MW"
987,2,2,14,"NY","Gas",0,16435,"generation",33.18,"MW"
988,2,2,14,"NY","Gas",0,16875,"generation",35.54,"MW"
989,2,2,14,"NY","Gas",0,17357,"generation",37.45,"MW"
990,2,2,14,"NY","Gas",0,17969,"generation",35.92,"MW"
991,2,2,14,"NY","Gas",0,18739,"generation",35.12,"MW"
992,2,2,14,"NY","Gas",0,19748,"generation",36.09,"MW"
993,2,2,14,"NY","Gas",0,20837,"generation",37.18,"MW"
994,2,2,14,"NY","Gas",0,22512,"generation",40.36,"MW"
995,2,2,14,"NY","Gas",0,26592,"generation",42.20,"MW"
996,2,2,14,"NY","Gas",0,30889,"generation",42.95,"MW"
997,2,2,14,"NY","Gas",0,32582,"generation",42.89,"MW"
998,2,2,14,"NY","Gas",0,33969,"generation",42.89,"MW"
999,2,2,14,"NY","Gas",0,35356,"generation",42.91,"MW"
1000,2,2,14,"NY","Gas",0,36743,"generation",42.88,"MW"
